insert into categoria values('Laticinios');
insert into categoria values('Animais');
insert into categoria values('Bebidas');
insert into categoria values('Charcutaria');
insert into categoria values('Talho');
insert into categoria values('Congelados');
insert into categoria values('Frescos');
insert into categoria values('Higiene');
insert into categoria values('Vinhos');
insert into categoria values('Cafe');
insert into categoria values('Leite');
insert into categoria values('Comida Cao');
insert into categoria values('Comida Gato');
insert into categoria values('Alcoolicas');
insert into categoria values('Refrigerantes');
insert into categoria values('Sumos E Nectares');
insert into categoria values('Enchidos');
insert into categoria values('Carne de Vaca');
insert into categoria values('Carne de Porco');
insert into categoria values('Carne de Aves');
insert into categoria values('Gelados');
insert into categoria values('Fruta');
insert into categoria values('Legumes');
insert into categoria values('Banho');
insert into categoria values('Gel de Banho');
insert into categoria values('Higiene Oral');
insert into categoria values('Higiene Pessoal');
insert into categoria values('Alentejo');
insert into categoria values('Douro');
insert into super_categoria values('Higiene');
insert into super_categoria values('Laticinios');
insert into super_categoria values('Animais');
insert into super_categoria values('Bebidas');
insert into super_categoria values('Charcutaria');
insert into super_categoria values('Talho');
insert into categoria_simples values('Congelados');
insert into super_categoria values('Frescos');
insert into super_categoria values('Vinhos');
insert into categoria_simples values('Cafe');
insert into super_categoria  values('Banho');


insert into categoria_simples values('Leite');

insert into categoria_simples values('Comida Cao');
insert into categoria_simples values('Comida Gato');

insert into categoria_simples values('Alcoolicas');
insert into categoria_simples values('Refrigerantes');
insert into categoria_simples values('Sumos E Nectares');

insert into categoria_simples values('Enchidos');

insert into categoria_simples values('Carne de Vaca');
insert into categoria_simples values('Carne de Porco');
insert into categoria_simples values('Carne de Aves');

insert into categoria_simples values('Gelados');

insert into categoria_simples values('Fruta');
insert into categoria_simples values('Legumes');



insert into categoria_simples values('Gel de Banho');
insert into categoria_simples values('Higiene Oral');
insert into categoria_simples values('Higiene Pessoal');

insert into categoria_simples values('Alentejo');
insert into categoria_simples values('Douro');






/*
TENDO EM CONTA QUE ISTO AQUI FUI EU QUE FIZ SE CALHAR CONVEM MUDAR
*/
INSERT INTO fornecedor VALUES ('0000000000','SrChaves');/*DONE*/
INSERT INTO fornecedor VALUES ('0000000001','SrMagalhaes');/*DONE*/
INSERT INTO fornecedor VALUES ('0000000002','SrJoao');/*DONE*/
INSERT INTO fornecedor VALUES ('0000000003','SrPedro');/*DONE*/
INSERT INTO fornecedor VALUES ('0000000004','SrVerdasca');/*DONE*/
INSERT INTO fornecedor VALUES ('0000000005','SrAugusto');/*DONE*/
INSERT INTO fornecedor VALUES ('0000000006','SrVitor');/*DONE*/

INSERT INTO fornecedor VALUES ('0000000007','Arick');/*bebidas alc*/


INSERT INTO fornecedor VALUES ('0000000008','JeanPierre');/*filetes*/


INSERT INTO fornecedor VALUES ('0000000009','Franco');/*animais*/


INSERT INTO fornecedor VALUES ('0000000010','Dimitri');/*DONE*/
INSERT INTO fornecedor VALUES ('0000000011','JonSmith');/*DONE*/

INSERT INTO fornecedor VALUES ('0000000012','BurgerQueen');/*carnes*/


INSERT INTO fornecedor VALUES ('0000000013','PescaVelha');/*DONE*/
INSERT INTO fornecedor VALUES ('0000000014','VacaQueRi');/*DONE*/
INSERT INTO fornecedor VALUES ('0000000015','Danone');/*DONE*/

INSERT INTO fornecedor VALUES ('0000000016','AvesLuis');/*talho*/


INSERT INTO fornecedor VALUES ('0000000069','SrVieira');/*DONE*/
INSERT INTO fornecedor VALUES ('0000000017','Compal');/*DONE*/
INSERT INTO fornecedor VALUES ('0000000018','ColaCoca');/*DONE*/
INSERT INTO fornecedor VALUES ('0000000019','Dove');/*DONE*/
INSERT INTO fornecedor VALUES ('0000000020','Sensodine');/*DONE*/
INSERT INTO fornecedor VALUES ('0000000022','Opa');/*DONE*/
INSERT INTO fornecedor VALUES ('0000000023','SrAndreNunes');/*DONE*/
INSERT INTO fornecedor VALUES ('0000000024','Nobre');/*DONE*/
INSERT INTO fornecedor VALUES ('0000000025','RoyalCanin');/*DONE*/
INSERT INTO fornecedor VALUES ('6969696969','Dodote');

INSERT INTO fornecedor VALUES ('0000000027','Mespresso');/*cafe*/


INSERT INTO fornecedor VALUES ('0000000028','Ramirez');/*DONE*/

INSERT INTO fornecedor VALUES ('0000000029','VinhosDoDouro');/*vinhos*/


INSERT INTO fornecedor VALUES ('0000000030','HeadAndFeet');/*DONE*/
INSERT INTO fornecedor VALUES ('0000000031','Old Spice');/*DONE*/
INSERT INTO fornecedor VALUES ('0000000032','Cigala');/*DONE*/
INSERT INTO fornecedor VALUES ('0000000033','Milaneza');/*DONE*/

INSERT INTO produto values ('0111111111199','Pasta de Dentes','Higiene Oral','0000000005','02/08/2011');
INSERT INTO produto values ('0111111111198','Escovas Manuais','Higiene Oral','0000000020','02/08/2011');
INSERT INTO produto values ('0111111111197','Escovas Eletricas','Higiene Oral','0000000020','02/08/2011');
INSERT INTO produto values ('0111111111196','Fio Dental','Higiene Oral','0000000020','02/08/2011');
INSERT INTO produto values ('0111111111195','Elixir','Higiene Oral','0000000020','02/08/2011');
INSERT INTO produto values ('0111111111194','Desodorizante','Higiene Pessoal','0000000005','02/08/2011');
INSERT INTO produto values ('0111111111193','Sabao Liquido','Higiene Pessoal','0000000019','02/08/2011');
INSERT INTO produto values ('0111111111192','Fraldas','Higiene Pessoal','0000000020','02/08/2011');
INSERT INTO produto values ('0111111111191','Gel de Fluor','Higiene Oral','0000000031','02/08/2011');

INSERT INTO produto values('1111111111119','CremeSoft','Gel de Banho','0000000005','02/08/2011');
INSERT INTO produto values('1111111111118','Happy Time','Gel de Banho','0000000030','02/08/2011');
INSERT INTO produto values('1111111111117','Sensitive','Gel de Banho','0000000030','02/08/2011');
INSERT INTO produto values('1111111111116','Go Fresh','Gel de Banho','0000000031','02/08/2011');
INSERT INTO produto values('1111111111115','Deeply Nourishing','Gel de Banho','0000000030','02/08/2011');
INSERT INTO produto values('1111111111114','Anti Caspa','Gel de Banho','0000000030','02/08/2011');
INSERT INTO produto values('1111111111113','Hair Therapy','Gel de Banho','0000000030','02/08/2011');
INSERT INTO produto values('1111111111112','Baby Shampoo','Gel de Banho','0000000030','02/08/2011');
INSERT INTO produto values('1111111111111','Couconut Oil','Gel de Banho','0000000030','02/08/2011');
INSERT INTO produto values('1111111011119','Elvive','Gel de Banho','0000000030','02/08/2011');
INSERT INTO produto values('1111111101119','Creme Soft','Gel de Banho','0000000030','02/08/2011');


INSERT INTO produto values('1111111111129','Laranjas','Fruta','0000000005','02/08/2011');
INSERT INTO produto values('1111111111128','Pera','Fruta','0000000011','02/08/2011');
INSERT INTO produto values('1111111111127','Maca','Fruta','0000000011','02/08/2011');
INSERT INTO produto values('1111111111126','Ananas','Fruta','0000000011','02/08/2011');
INSERT INTO produto values('1111111111125','Banana','Fruta','0000000011','02/08/2011');
INSERT INTO produto values('1111111111124','Alho','Legumes','0000000005','02/08/2011');
INSERT INTO produto values('1111111111123','Cebola','Legumes','0000000011','02/08/2011');
INSERT INTO produto values('1111111111122','Tomate','Legumes','0000000011','02/08/2011');


INSERT INTO produto values('1111111111134','Douradinhos','Congelados','0000000005','01/08/2011');
INSERT INTO produto values('1111111111133','Filetes','Congelados','0000000013','01/08/2011');
INSERT INTO produto values('1111111111132','Salmao','Congelados','0000000013','01/09/2011');
INSERT INTO produto values('1111111111131','Perna de Pau','Gelados','0000000005','01/08/2011');
INSERT INTO produto values('1111111111130','Broculos','Congelados','0000000013','01/08/2011');
INSERT INTO produto values('1111111111135','Magnum','Gelados','0000000022','02/08/2011');
INSERT INTO produto values('1111111111136','Pizzas','Congelados','0000000013','02/08/2011');


INSERT INTO produto values('1111111111143','Bifes De Peru','Carne de Aves','0000000005','01/08/2013');
INSERT INTO produto values('1111111111142','Picanha','Carne de Vaca','0000000005','01/08/2013');
INSERT INTO produto values('1111111111141','Leitao','Carne de Porco','0000000005','01/08/2013');
INSERT INTO produto values('1111111111140','Pata de Porco','Carne de Porco','0000000069','01/08/2013');

INSERT INTO produto values('1111111111153','Chourico','Enchidos','0000000005','01/08/2011');
INSERT INTO produto values('1111111111154','Chourica','Enchidos','0000000023','01/08/2011');
INSERT INTO produto values('1111111111152','Fiambre da Perna','Enchidos','0000000024','01/08/2011');
INSERT INTO produto values('1111111111151','Mortadela','Enchidos','0000000024','01/08/2011');
INSERT INTO produto values('1111111111150','Alheira','Enchidos','0000000023','01/08/2015');



INSERT INTO produto VALUES('1111111111180','Leite Magro','Leite','0000000005','01/06/2015');
INSERT INTO produto VALUES('1111111111181','Leite Meio Gordo','Leite','0000000015','01/06/2015');
INSERT INTO produto VALUES('1111111111182','Leite Gordo','Leite','0000000015','01/06/2015');
INSERT INTO produto VALUES('1111111111183','Iogurtes ','Laticinios','0000000005','01/06/2015');
INSERT INTO produto VALUES('1111111111184','Manteiga','Laticinios','0000000014','01/06/2015');
INSERT INTO produto VALUES('1111111111185','Natas','Laticinios','0000000015','01/06/2015');

INSERT INTO produto VALUES('1111111111169','Agua','Bebidas','0000000005','01/08/2011');
INSERT INTO produto values('1111111111168','Sumo de Pera','Sumos E Nectares','0000000005','01/08/2011');
INSERT INTO produto values('1111111111167','Sumo de Orange','Sumos E Nectares','0000000017','01/08/2011');
INSERT INTO produto values('1111111111166','Fanta','Refrigerantes','0000000005','01/08/2011');
INSERT INTO produto values('1111111111165','Sumol','Refrigerantes','0000000018','01/08/2011');
INSERT INTO produto values('1111111111164','Iced Tee','Sumos E Nectares','0000000017','01/08/2011');
INSERT INTO produto values('1111111111163','Vodka','Alcoolicas','0000000005','01/08/2011');
INSERT INTO produto values('1111111111162','Absinto','Alcoolicas','0000000010','01/08/2011');
INSERT INTO produto values('1111111111161','Cerveja','Alcoolicas','0000000010','01/08/2013');
INSERT INTO produto values('1111111111160','Sangria','Alcoolicas','0000000010','01/09/2011');

INSERT INTO produto VALUES('1111111111170','OrigemCanin','Comida Cao','0000000005','01/06/2000');
INSERT INTO produto VALUES('1111111111171','Bolinhas','Comida Cao','0000000004','01/06/2000');
INSERT INTO produto VALUES('1111111111172','Pantufas','Comida Gato','0000000005','01/06/2000');
INSERT INTO produto VALUES('1111111111173','DentaStick','Comida Cao','0000000025','01/06/2001');
INSERT INTO produto VALUES('1111111111174','DoggyS','Comida Cao','0000000025','01/06/2013');


INSERT INTO produto VALUES('1111111111190','Salpicao','Enchidos','0000000000','01/06/2015');
INSERT INTO produto VALUES('1111111111191','Vinho Do Douro','Douro','0000000005','01/06/2015');
INSERT INTO produto VALUES('1111111111192','Vazia','Carne de Vaca','0000000002','01/06/2015');
INSERT INTO produto VALUES('1111111111193','Agua Micelar','Higiene Pessoal','0000000003','01/06/2015');
INSERT INTO produto VALUES('1111111111194','Wiskas Saquetas','Comida Cao','0000000004','01/06/2015');
INSERT INTO produto VALUES('1111111111195','Cafe Preto','Cafe','0000000005','01/06/2015');
INSERT INTO produto VALUES('1111111111196','Vinho Cartuxa','Alentejo','0000000005','01/06/2015');


insert into constituida values('Higiene','Banho');
insert into constituida values('Higiene','Higiene Pessoal');
insert into constituida values('Higiene','Higiene Oral');
insert into constituida values('Banho','Gel de Banho');
insert into constituida values('Frescos','Fruta');
insert into constituida values('Frescos','Legumes');
insert into constituida values('Laticinios','Leite');
insert into constituida values('Bebidas','Alcoolicas');
insert into constituida values('Bebidas','Refrigerantes');
insert into constituida values('Bebidas','Sumos E Nectares');
insert into constituida values('Talho','Carne de Vaca');
insert into constituida values('Talho','Carne de Porco');
insert into constituida values('Talho','Carne de Aves');
insert into constituida values('Vinhos','Alentejo');
insert into constituida values('Vinhos','Douro');
insert into constituida values('Charcutaria','Enchidos');
insert into constituida values('Animais','Comida Cao');
insert into constituida values('Animais','Comida Gato');



insert into corredor values('1','3');
insert into corredor values('2','3');
insert into corredor values('3','3');
insert into corredor values('4','3');
insert into corredor values('5','3');
insert into corredor values('6','3');
insert into corredor values('7','3');


insert into prateleira values('1','direito','chao');
insert into prateleira values('1','direito','medio');
insert into prateleira values('1','direito','superior');
insert into prateleira values('1','esquerdo','chao');
insert into prateleira values('1','esquerdo','medio');
insert into prateleira values('1','esquerdo','superior');
insert into prateleira values('2','direito','chao');
insert into prateleira values('2','direito','medio');
insert into prateleira values('2','direito','superior');
insert into prateleira values('2','esquerdo','chao');
insert into prateleira values('2','esquerdo','medio');
insert into prateleira values('2','esquerdo','superior');
insert into prateleira values('3','direito','chao');
insert into prateleira values('3','direito','medio');
insert into prateleira values('3','direito','superior');
insert into prateleira values('3','esquerdo','chao');
insert into prateleira values('3','esquerdo','medio');
insert into prateleira values('3','esquerdo','superior');
insert into prateleira values('4','direito','chao');
insert into prateleira values('4','direito','medio');
insert into prateleira values('4','direito','superior');
insert into prateleira values('4','esquerdo','chao');
insert into prateleira values('4','esquerdo','medio');
insert into prateleira values('4','esquerdo','superior');
insert into prateleira values('5','direito','chao');
insert into prateleira values('5','direito','medio');
insert into prateleira values('5','direito','superior');
insert into prateleira values('5','esquerdo','chao');
insert into prateleira values('5','esquerdo','medio');
insert into prateleira values('5','esquerdo','superior');
insert into prateleira values('6','direito','chao');
insert into prateleira values('6','direito','medio');
insert into prateleira values('6','direito','superior');
insert into prateleira values('6','esquerdo','chao');
insert into prateleira values('6','esquerdo','medio');
insert into prateleira values('6','esquerdo','superior');
insert into prateleira values('7','direito','chao');
insert into prateleira values('7','direito','medio');
insert into prateleira values('7','direito','superior');
insert into prateleira values('7','esquerdo','chao');
insert into prateleira values('7','esquerdo','medio');
insert into prateleira values('7','esquerdo','superior');

INSERT INTO fornece_sec values('0000000007','1111111111161');
INSERT INTO fornece_sec values('0000000008','1111111111133');
INSERT INTO fornece_sec values('0000000009','1111111111174');
INSERT INTO fornece_sec values('0000000012','1111111111142');
INSERT INTO fornece_sec values('0000000016','1111111111143');
INSERT INTO fornece_sec values('0000000027','1111111111195');
INSERT INTO fornece_sec values('0000000029','1111111111191');
INSERT INTO fornece_sec VALUES('0000000069','0111111111192');
INSERT INTO fornece_sec VALUES('0000000017','0111111111192');
INSERT INTO fornece_sec VALUES('0000000018','0111111111192');
INSERT INTO fornece_sec VALUES('0000000019','0111111111192');
INSERT INTO fornece_sec VALUES('0000000015','0111111111192');
INSERT INTO fornece_sec VALUES('0000000009','0111111111192');
INSERT INTO fornece_sec VALUES('0000000016','0111111111192');
INSERT INTO fornece_sec VALUES('0000000003','0111111111192');
INSERT INTO fornece_sec VALUES('0000000006','0111111111192');
INSERT INTO fornece_sec VALUES('0000000002','0111111111192');
INSERT INTO fornece_sec VALUES('0000000004','0111111111192');



insert into planograma values('1111111111122','1','direito','superior','1','20','1');
insert into planograma values('1111111111123','1','direito','medio','1','20','2');
insert into planograma values('1111111111124','1','direito','medio','1','20','1');
insert into planograma values('1111111111125','1','esquerdo','superior','1','20','1');
insert into planograma values('1111111111126','1','esquerdo','superior','1','20','2');
insert into planograma values('1111111111127','1','esquerdo','medio','1','20','1');
insert into planograma values('1111111111128','1','esquerdo','medio','1','20','2');
insert into planograma values('1111111111129','1','esquerdo','chao','1','20','1');
insert into planograma values('1111111111192','2','direito','superior','1','20','1');
insert into planograma values('1111111111196','2','direito','superior','1','20','2');
insert into planograma values('1111111111195','2','direito','medio','1','20','1');
insert into planograma values('1111111111194','2','direito','medio','1','20','2');
insert into planograma values('1111111111193','2','direito','chao','1','20','1');
insert into planograma values('1111111111191','2','direito','chao','1','20','2');
insert into planograma values('1111111111190','2','esquerdo','superior','1','20','1');
insert into planograma values('1111111111174','2','esquerdo','superior','1','20','2');
insert into planograma values('1111111111173','2','esquerdo','medio','1','20','1');
insert into planograma values('1111111111172','2','esquerdo','medio','1','20','2');
insert into planograma values('1111111111171','2','esquerdo','chao','1','20','1');
insert into planograma values('1111111111170','2','esquerdo','chao','1','20','2');
insert into planograma values('1111111111169','3','direito','superior','1','20','1');
insert into planograma values('1111111111161','3','direito','superior','1','20','2');
insert into planograma values('1111111111162','3','direito','medio','1','20','1');
insert into planograma values('1111111111194','3','direito','medio','1','20','2');
insert into planograma values('1111111111163','3','direito','chao','1','20','1');
insert into planograma values('1111111111164','3','direito','chao','1','20','2');
insert into planograma values('1111111111165','3','esquerdo','superior','1','20','1');
insert into planograma values('1111111111166','3','esquerdo','superior','1','20','2');
insert into planograma values('1111111111167','3','esquerdo','medio','1','20','1');
insert into planograma values('1111111111168','3','esquerdo','medio','1','20','2');
insert into planograma values('1111111111185','3','esquerdo','chao','1','20','2');
insert into planograma values('1111111111184','4','direito','superior','1','20','1');
insert into planograma values('1111111111183','4','direito','superior','1','20','2');
insert into planograma values('1111111111182','4','direito','medio','1','20','1');
insert into planograma values('1111111111181','4','direito','medio','1','20','2');
insert into planograma values('1111111111180','4','direito','chao','1','20','1');
insert into planograma values('1111111111154','4','direito','chao','1','20','2');
insert into planograma values('1111111111153','4','esquerdo','superior','1','20','1');
insert into planograma values('1111111111152','4','esquerdo','superior','1','20','2');
insert into planograma values('1111111111151','4','esquerdo','medio','1','20','1');
insert into planograma values('1111111111150','4','esquerdo','medio','1','20','2');
insert into planograma values('1111111111143','4','esquerdo','chao','1','20','1');
insert into planograma values('1111111111142','4','esquerdo','chao','1','20','2');
insert into planograma values('1111111111141','5','direito','superior','1','20','1');
insert into planograma values('1111111111140','5','direito','superior','1','20','2');
insert into planograma values('1111111111136','5','direito','medio','1','20','1');
insert into planograma values('1111111111135','5','direito','medio','1','20','2');
insert into planograma values('1111111111134','5','direito','chao','1','20','1');
insert into planograma values('1111111111133','5','direito','chao','1','20','2');
insert into planograma values('1111111111132','5','esquerdo','superior','1','20','1');
insert into planograma values('1111111111131','5','esquerdo','superior','1','20','2');
insert into planograma values('1111111111130','5','esquerdo','medio','1','20','1');
insert into planograma values('1111111101119','5','esquerdo','medio','1','20','2');
insert into planograma values('1111111011119','5','esquerdo','chao','1','20','1');
insert into planograma values('1111111111111','5','esquerdo','chao','1','20','2');
insert into planograma values('1111111111112','6','direito','superior','1','20','1');
insert into planograma values('1111111111113','6','direito','superior','1','20','2');
insert into planograma values('1111111111114','6','direito','medio','1','20','1');
insert into planograma values('1111111111115','6','direito','medio','1','20','2');
insert into planograma values('1111111111116','6','direito','chao','1','20','1');
insert into planograma values('1111111111117','6','direito','chao','1','20','2');
insert into planograma values('1111111111118','6','esquerdo','superior','1','20','1');
insert into planograma values('1111111111119','6','esquerdo','superior','1','20','2');
insert into planograma values('0111111111191','6','esquerdo','medio','1','20','1');
insert into planograma values('0111111111192','6','esquerdo','medio','1','20','2');
insert into planograma values('0111111111193','6','esquerdo','chao','1','20','1');
insert into planograma values('0111111111194','6','esquerdo','chao','1','20','2');
insert into planograma values('0111111111195','7','direito','superior','1','20','1');
insert into planograma values('0111111111196','7','direito','superior','1','20','2');
insert into planograma values('0111111111197','7','direito','medio','1','20','1');
insert into planograma values('0111111111198','7','direito','medio','1','20','2');
insert into planograma values('0111111111199','7','direito','chao','1','20','1');

insert into evento_reposicao values('Joaquim Verdasca','2017-01-21 06:01:32');
insert into evento_reposicao values('Joaquim Verdasca','2017-01-22 06:02:34');
insert into evento_reposicao values('Augusto Peres','2017-01-25 06:05:13');
insert into evento_reposicao values('Augusto Peres','2017-03-21 16:00:20');
insert into evento_reposicao values('Pedro Goncalves','2017-04-11 09:43:06');
insert into evento_reposicao values('Pedro Goncalves','2017-07-11 19:54:56');
insert into evento_reposicao values('Miguel Vieira','2017-07-11 14:51:26');


insert into reposicao values('1111111111133','5','direito','chao','Joaquim Verdasca','2017-01-21 06:01:32','10');
insert into reposicao values('1111111111169','3','direito','superior','Joaquim Verdasca','2017-01-22 06:02:34','5');
insert into reposicao values('1111111111130','5','esquerdo','medio','Pedro Goncalves','2017-04-11 09:43:06','7');
insert into reposicao values('1111111111180','4','direito','chao','Pedro Goncalves','2017-07-11 19:54:56','17');
insert into reposicao values('1111111111196','2','direito','superior','Augusto Peres','2017-01-25 06:05:13','11');
insert into reposicao values('0111111111196','7','direito','superior','Augusto Peres','2017-03-21 16:00:20','14');
insert into reposicao values('1111111111119','6','esquerdo','superior','Miguel Vieira','2017-07-11 14:51:26','6');
